Workbook

Sheet Ad Variants
A1: ad_id | B1: prompt_style | C1: headline | D1: body | E1: call_to_action | F1: character_count | G1: ai_tool | H1: generation_date | I1: model | J1: human_review_status
A2: B01 | B2: Basic | C2: Carry your day, one sip at a time. | D2: Meet EcoSip Smart Bottle: a reusable water bottle with clear water-level markings, made for everyday routines at school or work. | E2: Explore EcoSip. | F2: 177 | G2: OpenAI-compatible chat model (sandbox) | H2: 2026-10-28 | I2: Not recorded; update after generation | J2: Needs human review
A3: B02 | B3: Basic | C3: A simple bottle for busy days. | D3: Keep a reusable bottle close as you move between lectures, meetings, and everything in between. EcoSip includes a water-level scale. | E3: Meet your everyday bottle. | F3: 188 | G3: OpenAI-compatible chat model (sandbox) | H3: 2026-10-28 | I3: Not recorded; update after generation | J3: Needs human review
A4: B03 | B4: Basic | C4: Your everyday hydration companion. | D4: EcoSip Smart Bottle pairs a simple design with easy-to-see water-level markings for students and office workers. | E4: Take a closer look. | F4: 165 | G4: OpenAI-compatible chat model (sandbox) | H4: 2026-10-28 | I4: Not recorded; update after generation | J4: Needs human review
A5: B04 | B5: Basic | C5: From class to desk, bring your bottle. | D5: A practical reusable bottle designed for daily use, with water-level markings you can check at a glance. | E5: Discover EcoSip. | F5: 158 | G5: OpenAI-compatible chat model (sandbox) | H5: 2026-10-28 | I5: Not recorded; update after generation | J5: Needs human review
A6: B05 | B6: Basic | C6: Make room for a little routine. | D6: Keep water nearby with EcoSip, a reusable bottle made for students, young professionals, and everyday plans. | E6: Meet EcoSip today. | F6: 157 | G6: OpenAI-compatible chat model (sandbox) | H6: 2026-10-28 | I6: Not recorded; update after generation | J6: Needs human review
A7: R01 | B7: Role-based | C7: A practical pick for packed schedules. | D7: Designed for college students and young professionals, EcoSip is a reusable water bottle with a clean look and clearly marked water levels. | E7: See the bottle. | F7: 192 | G7: OpenAI-compatible chat model (sandbox) | H7: 2026-10-28 | I7: Not recorded; update after generation | J7: Needs human review
A8: R02 | B8: Role-based | C8: Keep your day within reach. | D8: Heading to class or settling in at work? EcoSip brings a simple reusable bottle and visible water-level markings to your everyday routine. | E8: Meet your everyday bottle. | F8: 191 | G8: OpenAI-compatible chat model (sandbox) | H8: 2026-10-28 | I8: Not recorded; update after generation | J8: Needs human review
A9: R03 | B9: Role-based | C9: Less fuss, more everyday. | D9: EcoSip Smart Bottle is made for daily use by students and office workers, with a simple design and an easy-to-read water-level scale. | E9: Explore EcoSip. | F9: 173 | G9: OpenAI-compatible chat model (sandbox) | H9: 2026-10-28 | I9: Not recorded; update after generation | J9: Needs human review
A10: R04 | B10: Role-based | C10: A bottle that fits your routine. | D10: Bring EcoSip along from campus to the office. Its reusable body and clear water-level markings keep the design practical and straightforward. | E10: Take a look. | F10: 185 | G10: OpenAI-compatible chat model (sandbox) | H10: 2026-10-28 | I10: Not recorded; update after generation | J10: Needs human review
A11: R05 | B11: Role-based | C11: Everyday carry, made simple. | D11: Meet a reusable bottle designed for busy students and young professionals. EcoSip features a clear water-level scale in a simple design. | E11: Find out about EcoSip. | F11: 186 | G11: OpenAI-compatible chat model (sandbox) | H11: 2026-10-28 | I11: Not recorded; update after generation | J11: Needs human review
A12: F01 | B12: Few-shot | C12: Small routine. Ready to go. | D12: A notebook, your keys, and a reusable bottle. EcoSip keeps the everyday setup simple, with clear water-level markings. | E12: Meet EcoSip. | F12: 157 | G12: OpenAI-compatible chat model (sandbox) | H12: 2026-10-28 | I12: Not recorded; update after generation | J12: Needs human review
A13: F02 | B13: Few-shot | C13: Your desk-side daily essential. | D13: Settle in, fill up, and keep your reusable EcoSip bottle nearby. Its water-level scale is easy to spot during a busy day. | E13: Meet your everyday bottle. | F13: 178 | G13: OpenAI-compatible chat model (sandbox) | H13: 2026-10-28 | I13: Not recorded; update after generation | J13: Needs human review
... A16: F05 | B16: Few-shot | C16: Bring a little practical with you. | D16: From your morning commute to your afternoon study session, EcoSip is a reusable bottle with a clearly marked water-level scale. | E16: Take a closer look. | F16: 180 | G16: OpenAI-compatible chat model (sandbox) | H16: 2026-10-28 | I16: Not recorded; update after generation | J16: Needs human review

Sheet Survey Responses
A1: response_id | B1: is_genuine | C1: preferred_ad_id | D1: clarity_1_5 | E1: trustworthiness_1_5 | F1: appeal_1_5 | G1: consideration_1_5 | H1: why_selected | I1: age_18_30 | J1: valid
B2: TRUE | J2: TRUE

Sheet Summary Dashboard
A1: Metric | B1: Value
A2: Valid genuine responses | B2: =COUNTIFS('Survey Responses'!B:B,TRUE,'Survey Responses'!J:J,TRUE)
A3: Status | B3: =IF(B2=0,"AWAITING SURVEY DATA",IF(B2<20,"FEWER THAN 20 GENUINE RESPONSES","RESPONSE TARGET MET"))
A5: Prompt style | B5: Votes | C5: Preference % | D5: Avg clarity | E5: Avg trust | F5: Avg appeal | G5: Avg consideration
A6: Basic | B6: =COUNTIFS('Survey Responses'!$C:$C,"B*",'Survey Responses'!$B:$B,TRUE,'Survey Responses'!$J:$J,TRUE) | C6: =IFERROR(B6/$B$2,0) | D6: =IFERROR(AVERAGEIFS('Survey Responses'!$D:$D,'Survey Responses'!$C:$C,"B*",'Survey Responses'!$B:$B,TRUE,'Survey Responses'!$J:$J,TRUE),"") | E6: =IFERROR(AVERAGEIFS('Survey Responses'!$E:$E,'Survey Responses'!$C:$C,"B*",'Survey Responses'!$B:$B,TRUE,'Survey Responses'!$J:$J,TRUE),"") | F6: =IFERROR(AVERAGEIFS('Survey Responses'!$F:$F,'Survey Responses'!$C:$C,"B*",'Survey Responses'!$B:$B,TRUE,'Survey Responses'!$J:$J,TRUE),"") | G6: =IFERROR(AVERAGEIFS('Survey Responses'!$G:$G,'Survey Responses'!$C:$C,"B*",'Survey Responses'!$B:$B,TRUE,'Survey Responses'!$J:$J,TRUE),"")
A7: Role-based | B7: =COUNTIFS('Survey Responses'!$C:$C,"R*",'Survey Responses'!$B:$B,TRUE,'Survey Responses'!$J:$J,TRUE) | C7: =IFERROR(B7/$B$2,0) | D7: =IFERROR(AVERAGEIFS('Survey Responses'!$D:$D,'Survey Responses'!$C:$C,"R*",'Survey Responses'!$B:$B,TRUE,'Survey Responses'!$J:$J,TRUE),"") | E7: =IFERROR(AVERAGEIFS('Survey Responses'!$E:$E,'Survey Responses'!$C:$C,"R*",'Survey Responses'!$B:$B,TRUE,'Survey Responses'!$J:$J,TRUE),"") | F7: =IFERROR(AVERAGEIFS('Survey Responses'!$F:$F,'Survey Responses'!$C:$C,"R*",'Survey Responses'!$B:$B,TRUE,'Survey Responses'!$J:$J,TRUE),"") | G7: =IFERROR(AVERAGEIFS('Survey Responses'!$G:$G,'Survey Responses'!$C:$C,"R*",'Survey Responses'!$B:$B,TRUE,'Survey Responses'!$J:$J,TRUE),"")
A8: Few-shot | B8: =COUNTIFS('Survey Responses'!$C:$C,"F*",'Survey Responses'!$B:$B,TRUE,'Survey Responses'!$J:$J,TRUE) | C8: =IFERROR(B8/$B$2,0) | D8: =IFERROR(AVERAGEIFS('Survey Responses'!$D:$D,'Survey Responses'!$C:$C,"F*",'Survey Responses'!$B:$B,TRUE,'Survey Responses'!$J:$J,TRUE),"") | E8: =IFERROR(AVERAGEIFS('Survey Responses'!$E:$E,'Survey Responses'!$C:$C,"F*",'Survey Responses'!$B:$B,TRUE,'Survey Responses'!$J:$J,TRUE),"") | F8: =IFERROR(AVERAGEIFS('Survey Responses'!$F:$F,'Survey Responses'!$C:$C,"F*",'Survey Responses'!$B:$B,TRUE,'Survey Responses'!$J:$J,TRUE),"") | G8: =IFERROR(AVERAGEIFS('Survey Responses'!$G:$G,'Survey Responses'!$C:$C,"F*",'Survey Responses'!$B:$B,TRUE,'Survey Responses'!$J:$J,TRUE),"")
A11: Winner | B11: Pending genuine survey data; no winner declared.
A20: Votes per individual advertisement
A21: Ad ID | B21: Prompt style | C21: Genuine votes
A22: A01 | B22: =VLOOKUP(A22,'Ad Variants'!$A:$B,2,FALSE) | C22: =COUNTIFS('Survey Responses'!$C:$C,A22,'Survey Responses'!$B:$B,TRUE,'Survey Responses'!$J:$J,TRUE)
A23: A02 | B23: =VLOOKUP(A23,'Ad Variants'!$A:$B,2,FALSE) | C23: =COUNTIFS('Survey Responses'!$C:$C,A23,'Survey Responses'!$B:$B,TRUE,'Survey Responses'!$J:$J,TRUE)
A24: A03 | B24: =VLOOKUP(A24,'Ad Variants'!$A:$B,2,FALSE) | C24: =COUNTIFS('Survey Responses'!$C:$C,A24,'Survey Responses'!$B:$B,TRUE,'Survey Responses'!$J:$J,TRUE)
A25: A04 | B25: =VLOOKUP(A25,'Ad Variants'!$A:$B,2,FALSE) | C25: =COUNTIFS('Survey Responses'!$C:$C,A25,'Survey Responses'!$B:$B,TRUE,'Survey Responses'!$J:$J,TRUE)
A26: A05 | B26: =VLOOKUP(A26,'Ad Variants'!$A:$B,2,FALSE) | C26: =COUNTIFS('Survey Responses'!$C:$C,A26,'Survey Responses'!$B:$B,TRUE,'Survey Responses'!$J:$J,TRUE)
A27: B01 | B27: =VLOOKUP(A27,'Ad Variants'!$A:$B,2,FALSE) | C27: =COUNTIFS('Survey Responses'!$C:$C,A27,'Survey Responses'!$B:$B,TRUE,'Survey Responses'!$J:$J,TRUE)
A28: B02 | B28: =VLOOKUP(A28,'Ad Variants'!$A:$B,2,FALSE) | C28: =COUNTIFS('Survey Responses'!$C:$C,A28,'Survey Responses'!$B:$B,TRUE,'Survey Responses'!$J:$J,TRUE)
A29: B03 | B29: =VLOOKUP(A29,'Ad Variants'!$A:$B,2,FALSE) | C29: =COUNTIFS('Survey Responses'!$C:$C,A29,'Survey Responses'!$B:$B,TRUE,'Survey Responses'!$J:$J,TRUE)
A30: B04 | B30: =VLOOKUP(A30,'Ad Variants'!$A:$B,2,FALSE) | C30: =COUNTIFS('Survey Responses'!$C:$C,A30,'Survey Responses'!$B:$B,TRUE,'Survey Responses'!$J:$J,TRUE)
A31: B05 | B31: =VLOOKUP(A31,'Ad Variants'!$A:$B,2,FALSE) | C31: =COUNTIFS('Survey Responses'!$C:$C,A31,'Survey Responses'!$B:$B,TRUE,'Survey Responses'!$J:$J,TRUE)
A32: C01 | B32: =VLOOKUP(A32,'Ad Variants'!$A:$B,2,FALSE) | C32: =COUNTIFS('Survey Responses'!$C:$C,A32,'Survey Responses'!$B:$B,TRUE,'Survey Responses'!$J:$J,TRUE)
A33: C02 | B33: =VLOOKUP(A33,'Ad Variants'!$A:$B,2,FALSE) | C33: =COUNTIFS('Survey Responses'!$C:$C,A33,'Survey Responses'!$B:$B,TRUE,'Survey Responses'!$J:$J,TRUE)
... A36: C05 | B36: =VLOOKUP(A36,'Ad Variants'!$A:$B,2,FALSE) | C36: =COUNTIFS('Survey Responses'!$C:$C,A36,'Survey Responses'!$B:$B,TRUE,'Survey Responses'!$J:$J,TRUE)

Sheet Analysis
A1: Analysis | B1: Status / formula
A2: Overall interpretation | B2: No genuine survey data supplied; findings pending.
A3: Minimum target | B3: 20 genuine volunteers
A4: Winner | B4: ='Summary Dashboard'!B11
A5: Method note | B5: Do not infer causality or statistical significance from descriptive results.
